<?xml version="1.0" encoding="utf-8"?>

<!DOCTYPE change 
  SYSTEM "../../../../../lib/tools/dtd/DatabaseChangeDefinition2.0.dtd">
<change>
  <table-name>Comment</table-name>
  <schema-from>
    <schema-major>1</schema-major>
    <schema-minor>1</schema-minor>
  </schema-from>
  <schema-to>
    <schema-major>1</schema-major>
    <schema-minor>2</schema-minor>
  </schema-to>
  <add>
    <column>
      <column-name>author</column-name>
      <column-type>STRING</column-type>
      <column-size>MEDIUM</column-size>
    </column>
  </add>
</change>
