<?xml version="1.0" encoding="utf-8"?>

<!DOCTYPE change
  SYSTEM "../../../../../lib/tools/dtd/DatabaseChangeDefinition2.0.dtd">
<change>
  <table-name>PluginParameterMap</table-name>
  <schema-from>
    <schema-major>1</schema-major>
    <schema-minor>2</schema-minor>
  </schema-from>
  <schema-to>
    <schema-major>1</schema-major>
    <schema-minor>3</schema-minor>
  </schema-to>
  <alter>
    <column>
      <column-name>parameterValue</column-name>
      <column-type>TEXT</column-type>
      <column-size>SMALL</column-size>
      <not-null empty="allowed"/>
    </column>
  </alter>
</change>
