<?xml version="1.0" encoding="utf-8"?>

<!DOCTYPE change
  SYSTEM "../../../../../lib/tools/dtd/DatabaseChangeDefinition2.0.dtd">
<change>
  <table-name>PluginPackageMap</table-name>
  <schema-from>
    <schema-major>1</schema-major>
    <schema-minor>0</schema-minor>
  </schema-from>
  <schema-to>
    <schema-major>1</schema-major>
    <schema-minor>1</schema-minor>
  </schema-to>
  <add>
    <column>
      <column-name>locked</column-name>
      <column-type>BOOLEAN</column-type>
      <not-null/>
      <default>0</default>
    </column>
  </add>
</change>
