<?xml version="1.0" encoding="utf-8"?>

<!DOCTYPE table
  SYSTEM "../../../../../lib/tools/dtd/DatabaseTableDefinition2.0.dtd">
<table>
    <table-name>Lock</table-name>
    <schema>
	<schema-major>1</schema-major>
	<schema-minor>0</schema-minor>
    </schema>
    <column>
	<column-name>lockId</column-name>
	<column-type>INTEGER</column-type>
	<column-size>LARGE</column-size>
    </column>
    <column>
	<column-name>readEntityId</column-name>
	<column-type>INTEGER</column-type>
	<column-size>LARGE</column-size>
    </column>
    <column>
	<column-name>writeEntityId</column-name>
	<column-type>INTEGER</column-type>
	<column-size>LARGE</column-size>
    </column>
    <column>
	<column-name>freshUntil</column-name>
	<column-type>INTEGER</column-type>
	<column-size>LARGE</column-size>
    </column>
    <column>
	<column-name>request</column-name>
	<column-type>INTEGER</column-type>
	<column-size>LARGE</column-size>
    </column>
    <index>
	<column-name>lockId</column-name>
    </index>
</table>